<?xml version="1.0" encoding="utf-8"?>
<GameConfig>
  <World MaxX="10" MaxY="10">
    <Creatures>
      <Creature Name="Dark lord soft" HitPoint="100">
        <AttackItems>
          <AttackItem Name="Doomsayer" Hit="20" Range="5"/>
        </AttackItems>
        <DefenceItems>
          <DefenceItem Name="ages of aurora" ReduceHitPoint="10"/>
        </DefenceItems>
      </Creature>
      <Creature Name="Arnhardt" HitPoint="50">
        <AttackItems>
          <AttackItem Name="scimitar of light" Hit="15" Range="1"/>
        </AttackItems>
        <DefenceItems>
          <DefenceItem Name="wristguard of righteousness" ReduceHitPoint="5"/>
        </DefenceItems>
      </Creature>
    </Creatures>
    <WorldObjects>
      <WorldObject Name="Treasure Chest" Lootable="true" Removable="true"/>
    </WorldObjects>
  </World>
</GameConfig>